event_time,rows,frauds,rate_pct
1991-01-01,55,0,0.0
1991-02-01,48,0,0.0
1991-03-01,45,0,0.0
1991-04-01,48,0,0.0
1991-05-01,45,0,0.0
1991-06-01,52,0,0.0
1991-07-01,178,0,0.0
1991-08-01,164,0,0.0
1991-09-01,190,0,0.0
1991-10-01,155,0,0.0
1991-11-01,179,0,0.0
1991-12-01,426,0,0.0
1992-01-01,418,0,0.0
1992-02-01,367,0,0.0
1992-03-01,426,0,0.0
1992-04-01,427,0,0.0
1992-05-01,441,0,0.0
1992-06-01,366,0,0.0
1992-07-01,406,0,0.0
1992-08-01,415,0,0.0
1992-09-01,376,0,0.0
1992-10-01,375,0,0.0
1992-11-01,519,0,0.0
1992-12-01,598,0,0.0
1993-01-01,627,0,0.0
1993-02-01,553,0,0.0
1993-03-01,607,0,0.0
1993-04-01,590,0,0.0
1993-05-01,690,0,0.0
1993-06-01,694,0,0.0
1993-07-01,727,0,0.0
1993-08-01,767,0,0.0
1993-09-01,755,0,0.0
1993-10-01,753,0,0.0
1993-11-01,782,0,0.0
1993-12-01,833,0,0.0
1994-01-01,863,0,0.0
1994-02-01,736,0,0.0
1994-03-01,865,0,0.0
1994-04-01,1180,0,0.0
1994-05-01,1200,0,0.0
1994-06-01,1187,0,0.0
1994-07-01,1182,0,0.0
1994-08-01,1367,0,0.0
1994-09-01,1396,0,0.0
1994-10-01,1358,0,0.0
1994-11-01,1429,0,0.0
1994-12-01,1553,0,0.0
1995-01-01,1624,0,0.0
1995-02-01,1621,0,0.0
1995-03-01,1700,0,0.0
1995-04-01,1694,0,0.0
1995-05-01,1690,0,0.0
1995-06-01,1622,0,0.0
1995-07-01,1716,0,0.0
1995-08-01,1831,0,0.0
1995-09-01,1757,0,0.0
1995-10-01,1773,0,0.0
1995-11-01,1918,0,0.0
1995-12-01,1982,0,0.0
1996-01-01,1897,0,0.0
1996-02-01,1941,0,0.0
1996-03-01,2206,0,0.0
1996-04-01,2083,0,0.0
1996-05-01,2427,0,0.0
1996-06-01,2474,0,0.0
1996-07-01,2587,10,0.3865481252415926
1996-08-01,2720,0,0.0
1996-09-01,2624,0,0.0
1996-10-01,2977,0,0.0
1996-11-01,2822,0,0.0
1996-12-01,3187,0,0.0
1997-01-01,3380,0,0.0
1997-02-01,3070,0,0.0
1997-03-01,3898,8,0.2052334530528476
1997-04-01,3693,0,0.0
1997-05-01,4289,0,0.0
1997-06-01,4108,7,0.17039922103213243
1997-07-01,4379,9,0.20552637588490524
1997-08-01,4462,0,0.0
1997-09-01,4136,4,0.09671179883945842
1997-10-01,4693,0,0.0
1997-11-01,4631,4,0.08637443316778234
1997-12-01,5014,0,0.0
1998-01-01,5287,0,0.0
1998-02-01,5084,0,0.0
1998-03-01,5544,0,0.0
1998-04-01,5623,4,0.07113640405477503
1998-05-01,6310,5,0.07923930269413629
1998-06-01,6364,0,0.0
1998-07-01,7078,0,0.0
1998-08-01,6972,8,0.11474469305794606
1998-09-01,7119,7,0.09832841691248771
1998-10-01,7716,1,0.012960082944530845
1998-11-01,7427,6,0.08078632018311566
1998-12-01,7821,1,0.012786088735455826
1999-01-01,8192,0,0.0
1999-02-01,7914,0,0.0
1999-03-01,8951,6,0.06703161657915317
1999-04-01,8891,7,0.07873130131593746
1999-05-01,9532,9,0.09441879983214437
1999-06-01,9520,0,0.0
1999-07-01,10006,0,0.0
1999-08-01,10217,0,0.0
1999-09-01,10322,0,0.0
1999-10-01,11252,0,0.0
1999-11-01,11194,0,0.0
1999-12-01,12259,2,0.016314544416347176
2000-01-01,12547,14,0.11158045747987567
2000-02-01,12012,9,0.07492507492507493
2000-03-01,13983,7,0.05006078809983551
2000-04-01,13735,13,0.09464870768110666
2000-05-01,14554,22,0.15116119279923046
2000-06-01,14907,25,0.16770644663580866
2000-07-01,15729,19,0.12079598194417954
2000-08-01,15704,2,0.012735608762098827
2000-09-01,15637,11,0.07034597429174394
2000-10-01,16187,16,0.09884475196145054
2000-11-01,15938,19,0.11921194629188105
2000-12-01,16796,14,0.08335317932841152
2001-01-01,17841,16,0.08968107168880668
2001-02-01,16640,18,0.10817307692307693
2001-03-01,19536,40,0.20475020475020475
2001-04-01,19677,22,0.11180566143212887
2001-05-01,21115,34,0.1610229694529955
2001-06-01,21568,42,0.19473293768545993
2001-07-01,22609,52,0.22999690388783225
2001-08-01,23541,29,0.12318932925534175
2001-09-01,22638,20,0.08834702712253732
2001-10-01,24196,32,0.13225326500247975
2001-11-01,23721,20,0.08431347750937987
2001-12-01,24916,29,0.11639107400866913
2002-01-01,25434,19,0.07470315325941652
2002-02-01,23629,0,0.0
2002-03-01,26788,0,0.0
2002-04-01,26765,0,0.0
2002-05-01,28656,0,0.0
2002-06-01,28826,0,0.0
2002-07-01,30111,0,0.0
2002-08-01,31110,0,0.0
2002-09-01,30568,0,0.0
2002-10-01,32610,0,0.0
2002-11-01,31981,53,0.16572339826772148
2002-12-01,34254,67,0.19559759444152508
2003-01-01,34594,21,0.06070416835289356
2003-02-01,32845,48,0.14614096513929062
2003-03-01,36916,34,0.09210098602232095
2003-04-01,36289,26,0.0716470555815812
2003-05-01,38140,89,0.23335081279496594
2003-06-01,37770,45,0.11914217633042098
2003-07-01,40022,12,0.02998350907001149
2003-08-01,40856,0,0.0
2003-09-01,40278,0,0.0
2003-10-01,42703,0,0.0
2003-11-01,41884,0,0.0
2003-12-01,44111,36,0.0816122962526354
2004-01-01,45473,42,0.09236250082466518
2004-02-01,41400,43,0.10386473429951691
2004-03-01,46940,68,0.14486578610992756
2004-04-01,45930,47,0.10232963204876985
2004-05-01,48590,22,0.0452768059271455
2004-06-01,48657,78,0.16030581416856773
2004-07-01,51084,44,0.08613264427217916
2004-08-01,52429,76,0.14495794312308075
2004-09-01,51756,19,0.03671071953010279
2004-10-01,54871,78,0.14215159191558382
2004-11-01,53890,71,0.1317498608276118
2004-12-01,55983,32,0.057160209349266744
2005-01-01,57690,0,0.0
2005-02-01,52900,0,0.0
2005-03-01,59734,0,0.0
2005-04-01,58629,0,0.0
2005-05-01,62110,22,0.03542102720978908
2005-06-01,61007,5,0.008195780812037963
2005-07-01,64103,0,0.0
2005-08-01,65610,8,0.012193263222069806
2005-09-01,63825,19,0.029768899334116725
2005-10-01,66643,29,0.04351544798403433
2005-11-01,65405,62,0.09479397599571898
2005-12-01,68997,84,0.12174442367059438
2006-01-01,70913,124,0.17486215503504293
2006-02-01,65680,183,0.2786236297198538
2006-03-01,73917,158,0.21375326379587914
2006-04-01,71613,122,0.17036013014396828
2006-05-01,75235,120,0.15950023260450588
2006-06-01,74459,149,0.2001101277212963
2006-07-01,77466,141,0.18201533576020446
2006-08-01,79142,83,0.1048747820373506
2006-09-01,78059,38,0.04868112581508859
2006-10-01,80736,0,0.0
2006-11-01,79187,0,0.0
2006-12-01,82386,0,0.0
2007-01-01,83209,3,0.003605379225804901
2007-02-01,76790,74,0.09636671441593958
2007-03-01,86436,97,0.11222175945208016
2007-04-01,84792,147,0.17336541183130486
2007-05-01,88843,92,0.10355345947345317
2007-06-01,87720,134,0.15275877792977655
2007-07-01,91501,103,0.11256707576966372
2007-08-01,93206,124,0.1330386455807566
2007-09-01,90235,257,0.2848118800908738
2007-10-01,93019,251,0.2698373450585364
2007-11-01,92288,318,0.34457350901525663
2007-12-01,96444,281,0.29136078968105844
2008-01-01,98404,240,0.24389252469411812
2008-02-01,88859,189,0.21269651920458257
2008-03-01,100001,319,0.31899681003189967
2008-04-01,96943,232,0.23931588665504472
2008-05-01,102974,341,0.3311515528191582
2008-06-01,99973,272,0.2720734598341552
2008-07-01,104929,300,0.2859076137197534
2008-08-01,106075,346,0.32618430355880274
2008-09-01,103129,280,0.27150462042684403
2008-10-01,107942,452,0.41874339923292137
2008-11-01,105409,416,0.3946532079803432
2008-12-01,108822,323,0.2968149822646156
2009-01-01,110208,317,0.28763792102206737
2009-02-01,100741,262,0.26007286010661
2009-03-01,112198,131,0.11675787447191573
2009-04-01,109143,35,0.032068020853375845
2009-05-01,113286,76,0.06708684215172218
2009-06-01,110739,72,0.06501774442608296
2009-07-01,115433,43,0.03725104606135161
2009-08-01,116954,69,0.058997554594113925
2009-09-01,113553,14,0.012329044587109105
2009-10-01,118458,54,0.045585777237501894
2009-11-01,115071,27,0.023463774539197537
2009-12-01,119650,40,0.03343083994985374
2010-01-01,120871,153,0.126581231229989
2010-02-01,111571,391,0.3504494895627
2010-03-01,123935,386,0.3114535845402832
2010-04-01,119991,343,0.28585477244126645
2010-05-01,125746,408,0.32446360122787204
2010-06-01,122995,285,0.23171673645270133
2010-07-01,127184,337,0.2649704365328972
2010-08-01,129221,345,0.26698446846874735
2010-09-01,125042,301,0.2407191183762256
2010-10-01,128209,316,0.2464725565287928
2010-11-01,125574,341,0.27155302849315943
2010-12-01,130886,229,0.1749614168054643
2011-01-01,130821,55,0.04204217977236071
2011-02-01,118318,0,0.0
2011-03-01,132054,0,0.0
2011-04-01,128700,0,0.0
2011-05-01,132073,0,0.0
2011-06-01,129652,0,0.0
2011-07-01,133495,0,0.0
2011-08-01,135257,0,0.0
2011-09-01,130089,0,0.0
2011-10-01,134366,0,0.0
2011-11-01,130439,0,0.0
2011-12-01,135287,0,0.0
2012-01-01,135996,178,0.13088620253536867
2012-02-01,122875,164,0.13346897253306206
2012-03-01,136476,163,0.11943491896011021
2012-04-01,130860,177,0.135259055479138
2012-05-01,136953,204,0.1489562112549561
2012-06-01,133544,148,0.11082489666327203
2012-07-01,136740,156,0.11408512505484862
2012-08-01,137250,143,0.10418943533697632
2012-09-01,132917,0,0.0
2012-10-01,136973,0,0.0
2012-11-01,133029,0,0.0
2012-12-01,137216,0,0.0
2013-01-01,137144,0,0.0
2013-02-01,125540,41,0.032658913493707184
2013-03-01,139859,55,0.03932532050136209
2013-04-01,134925,0,0.0
2013-05-01,140146,0,0.0
2013-06-01,136457,0,0.0
2013-07-01,141391,114,0.08062747982544857
2013-08-01,141217,351,0.248553644391256
2013-09-01,136426,400,0.29319924354595167
2013-10-01,140486,433,0.3082157652719844
2013-11-01,136137,281,0.20640971962067622
2013-12-01,141189,343,0.2429367726947567
2014-01-01,141847,313,0.2206602889028319
2014-02-01,128101,274,0.21389372448302513
2014-03-01,141642,358,0.25274989056918146
2014-04-01,136518,107,0.07837794283537702
2014-05-01,141021,0,0.0
2014-06-01,137648,0,0.0
2014-07-01,141464,0,0.0
2014-08-01,142829,0,0.0
2014-09-01,138146,0,0.0
2014-10-01,141364,0,0.0
2014-11-01,138288,0,0.0
2014-12-01,143475,0,0.0
2015-01-01,143002,0,0.0
2015-02-01,129109,0,0.0
2015-03-01,144297,15,0.010395226511985696
2015-04-01,139027,349,0.2510303753947075
2015-05-01,144288,283,0.1961355067642493
2015-06-01,140534,271,0.19283589736291573
2015-07-01,145189,416,0.2865230837046884
2015-08-01,144993,358,0.24690847144344896
2015-09-01,140114,277,0.19769616169690393
2015-10-01,144104,317,0.21998001443401988
2015-11-01,140387,353,0.2514477836266891
2015-12-01,146327,642,0.4387433624689907
2016-01-01,145038,459,0.316468787490175
2016-02-01,131055,285,0.21746594941055283
2016-03-01,144685,319,0.2204789715589038
2016-04-01,139128,312,0.22425392444367775
2016-05-01,145431,327,0.22484889741526912
2016-06-01,141530,264,0.1865328905532396
2016-07-01,145180,264,0.18184322909491665
2016-08-01,145353,316,0.2174017736132037
2016-09-01,140056,322,0.2299080367852859
2016-10-01,145162,231,0.15913255535195162
2016-11-01,141364,306,0.21646246569140656
2016-12-01,144942,174,0.12004801920768307
2017-01-01,145660,0,0.0
2017-02-01,131865,0,0.0
2017-03-01,145754,0,0.0
2017-04-01,141815,0,0.0
2017-05-01,146541,0,0.0
2017-06-01,142631,0,0.0
2017-07-01,146659,0,0.0
2017-08-01,146623,0,0.0
2017-09-01,141863,0,0.0
2017-10-01,145560,0,0.0
2017-11-01,142150,58,0.04080196975026381
2017-12-01,146239,197,0.1347109868092643
2018-01-01,146357,145,0.09907281510279659
2018-02-01,131276,183,0.13940095676285078
2018-03-01,146272,229,0.15655764602931524
2018-04-01,141688,269,0.18985376319801253
2018-05-01,145438,167,0.1148255614076101
2018-06-01,141827,154,0.10858299195498741
2018-07-01,146638,156,0.10638442968398368
2018-08-01,146983,216,0.14695577039521576
2018-09-01,141557,262,0.18508445361232578
2018-10-01,145473,181,0.12442171399503688
2018-11-01,141843,300,0.21150144878492416
2018-12-01,146263,229,0.15656727948968638
2019-01-01,146097,203,0.13894878060466676
2019-02-01,132102,156,0.11809056638052413
2019-03-01,147202,215,0.14605779812774283
2019-04-01,141409,218,0.15416274777418693
2019-05-01,145648,260,0.1785125782708997
2019-06-01,142399,215,0.1509842063497637
2019-07-01,146599,156,0.1064127313283174
2019-08-01,147139,247,0.16786847810573677
2019-09-01,141744,142,0.10018060729201943
2019-10-01,145074,275,0.1895584322483698
2019-11-01,141946,0,0.0
2019-12-01,146579,0,0.0
2020-01-01,170731,0,0.0
2020-02-01,165769,0,0.0
